-- COMPANY
INSERT INTO EX_COMPANY (ID, NAME) VALUES (1001,'SUN');
INSERT INTO EX_COMPANY (ID, NAME) VALUES (1002,'IBM');
INSERT INTO EX_COMPANY (ID, NAME) VALUES (1003,'MS');

-- DEPARTMENT
INSERT INTO EX_DEPARTMENT (ID, NAME, ADDRESS, COMPANY_ID) VALUES (2001,'JAVA','YOUGA',1001);
INSERT INTO EX_DEPARTMENT (ID, NAME, ADDRESS, COMPANY_ID) VALUES (2002,'SOLARIS','YOUGA',1001);
INSERT INTO EX_DEPARTMENT (ID, NAME, ADDRESS, COMPANY_ID) VALUES (2003,'SPARC','YOUGA',1001);
INSERT INTO EX_DEPARTMENT (ID, NAME, ADDRESS, COMPANY_ID) VALUES (2004,'JAVA','HAKOZAKI',1002);
INSERT INTO EX_DEPARTMENT (ID, NAME, ADDRESS, COMPANY_ID) VALUES (2005,'ECLIPSE','HAKOZAKI',1002);
INSERT INTO EX_DEPARTMENT (ID, NAME, ADDRESS, COMPANY_ID) VALUES (2006,'DOTNET','SHINJUKU',1003);

-- CUSTOMER
INSERT INTO EX_CUSTOMER (ID, NAME_FIRSTNAME,NAME_LASTNAME,EMAIL,PHONE,FAX,COMPANY_ID,DEPARTMENT_ID) VALUES (3001,'FIRST1','LAST1','first1@sun.com', '03-5999-2121','03-5999-2123', 1001, 2001);
INSERT INTO EX_CUSTOMER (ID, NAME_FIRSTNAME,NAME_LASTNAME,EMAIL,PHONE,FAX,COMPANY_ID,DEPARTMENT_ID) VALUES (3002,'FIRST2','LAST2','first2@sun.com', '03-5999-2121','03-5999-2123', 1001, 2002);
INSERT INTO EX_CUSTOMER (ID, NAME_FIRSTNAME,NAME_LASTNAME,EMAIL,PHONE,FAX,COMPANY_ID,DEPARTMENT_ID) VALUES (3003,'FIRST3','LAST3','first3@sun.com', '03-5999-2121','03-5999-2123', 1001, 2001);
INSERT INTO EX_CUSTOMER (ID, NAME_FIRSTNAME,NAME_LASTNAME,EMAIL,PHONE,FAX,COMPANY_ID,DEPARTMENT_ID) VALUES (3004,'FIRST4','LAST4','first4@sun.com', '03-5999-2121','03-5999-2123', 1001, 2002);
INSERT INTO EX_CUSTOMER (ID, NAME_FIRSTNAME,NAME_LASTNAME,EMAIL,PHONE,FAX,COMPANY_ID,DEPARTMENT_ID) VALUES (3005,'FIRST5','LAST5','first5@sun.com', '03-5999-2121','03-5999-2123', 1001, 2001);
INSERT INTO EX_CUSTOMER (ID, NAME_FIRSTNAME,NAME_LASTNAME,EMAIL,PHONE,FAX,COMPANY_ID,DEPARTMENT_ID) VALUES (3006,'FIRST6','LAST6','first6@sun.com', '03-5999-2121','03-5999-2123', 1001, 2003);
INSERT INTO EX_CUSTOMER (ID, NAME_FIRSTNAME,NAME_LASTNAME,EMAIL,PHONE,FAX,COMPANY_ID,DEPARTMENT_ID) VALUES (3007,'FIRST7','LAST7','first7@sun.com', '03-5999-2121','03-5999-2123', 1001, 2002);
INSERT INTO EX_CUSTOMER (ID, NAME_FIRSTNAME,NAME_LASTNAME,EMAIL,PHONE,FAX,COMPANY_ID,DEPARTMENT_ID) VALUES (3008,'FIRST8','LAST8','first8@sun.com', '03-5999-2121','03-5999-2123', 1001, 2001);
INSERT INTO EX_CUSTOMER (ID, NAME_FIRSTNAME,NAME_LASTNAME,EMAIL,PHONE,FAX,COMPANY_ID,DEPARTMENT_ID) VALUES (3009,'FIRST9','LAST9','first9@sun.com', '03-5999-2121','03-5999-2123', 1001, 2001);
INSERT INTO EX_CUSTOMER (ID, NAME_FIRSTNAME,NAME_LASTNAME,EMAIL,PHONE,FAX,COMPANY_ID,DEPARTMENT_ID) VALUES (3010,'FIRST10','LAST10','first10@sun.com', '03-5999-2121','03-5999-2123', 1001, 2001);
INSERT INTO EX_CUSTOMER (ID, NAME_FIRSTNAME,NAME_LASTNAME,EMAIL,PHONE,FAX,COMPANY_ID,DEPARTMENT_ID) VALUES (3011,'taro','yamada','yamada@sun.com', '03-5999-2121','03-5999-2123', 1002, 2001);
INSERT INTO EX_CUSTOMER (ID, NAME_FIRSTNAME,NAME_LASTNAME,EMAIL,PHONE,FAX,COMPANY_ID,DEPARTMENT_ID) VALUES (3012,'jiro','yamadayama','yamadayama@sun.com', '03-5999-2121','03-5999-2123', 1002, 2001);
INSERT INTO EX_CUSTOMER (ID, NAME_FIRSTNAME,NAME_LASTNAME,EMAIL,PHONE,FAX,COMPANY_ID,DEPARTMENT_ID) VALUES (3013,'FIRST11','LAST11','first11@sun.com', '03-5999-2121','03-5999-2123', 1002, 2001);
INSERT INTO EX_CUSTOMER (ID, NAME_FIRSTNAME,NAME_LASTNAME,EMAIL,PHONE,FAX,COMPANY_ID,DEPARTMENT_ID) VALUES (3014,'FIRST12','LAST12','first12@sun.com', '03-5999-2121','03-5999-2123', 1003, 2001);
INSERT INTO EX_CUSTOMER (ID, NAME_FIRSTNAME,NAME_LASTNAME,EMAIL,PHONE,FAX,COMPANY_ID,DEPARTMENT_ID) VALUES (3015,'Takeshi','Kitano','tk9999@sun.com', '03-5999-2121','03-5999-2123', 1003, 2006);

